{
	"class_name" : "PinholeCameraParameters",
	"extrinsic" : 
	[
		0.85460564848605458,
		0.40083828243616465,
		-0.3301179439372478,
		0.0,
		0.51897261412772711,
		-0.63751197395092918,
		0.56942594676974745,
		0.0,
		0.017793576401715444,
		-0.65795680283952951,
		-0.75284542519432296,
		0.0,
		-123.16627188401371,
		4.4474646947683993,
		121.29855283500433,
		1.0
	],
	"intrinsic" : 
	{
		"height" : 1061,
		"intrinsic_matrix" : 
		[
			918.85295341528945,
			0.0,
			0.0,
			0.0,
			918.85295341528945,
			0.0,
			959.5,
			530.0,
			1.0
		],
		"width" : 1920
	},
	"version_major" : 1,
	"version_minor" : 0
}