{
	"class_name" : "PinholeCameraParameters",
	"extrinsic" : 
	[
		0.94955199146726255,
		-0.092201457457108948,
		0.29974974018894623,
		0.0,
		-0.29299173370319131,
		-0.60165807635302782,
		0.74307698332055239,
		0.0,
		0.11183407120441449,
		-0.79341442538055673,
		-0.59831988945369929,
		0.0,
		-56.449528909829013,
		43.711353870103906,
		54.136586356390197,
		1.0
	],
	"intrinsic" : 
	{
		"height" : 1061,
		"intrinsic_matrix" : 
		[
			918.85295341528945,
			0.0,
			0.0,
			0.0,
			918.85295341528945,
			0.0,
			959.5,
			530.0,
			1.0
		],
		"width" : 1920
	},
	"version_major" : 1,
	"version_minor" : 0
}