{
	"class_name" : "PinholeCameraParameters",
	"extrinsic" : 
	[
		0.9999812577403987,
		0.00065177912757210469,
		-0.006087639271455606,
		0.0,
		0.0018364994969827892,
		-0.98046261611361185,
		0.19669693864737697,
		0.0,
		-0.0058404997669796342,
		-0.19670443204874988,
		-0.98044543702077114,
		0.0,
		-90.313199038040423,
		83.144509679968166,
		175.97004497973083,
		1.0
	],
	"intrinsic" : 
	{
		"height" : 1061,
		"intrinsic_matrix" : 
		[
			918.85295341528945,
			0.0,
			0.0,
			0.0,
			918.85295341528945,
			0.0,
			959.5,
			530.0,
			1.0
		],
		"width" : 1920
	},
	"version_major" : 1,
	"version_minor" : 0
}